name,artist,current_rank,peak_rank,weeks_on_chart
Mood,24kGoldn Featuring iann dior,1,1,21
Positions,Ariana Grande,2,1,10
Blinding Lights,The Weeknd,3,1,56
Holy,Justin Bieber Featuring Chance The Rapper,4,3,15
Dynamite,BTS,5,1,19
Go Crazy,Chris Brown & Young Thug,6,6,34
Laugh Now Cry Later,Drake Featuring Lil Durk,7,2,20
I Hope,Gabby Barrett Featuring Charlie Puth,8,3,53
All I Want For Christmas Is You,Mariah Carey,9,1,44
Levitating,Dua Lipa Featuring DaBaby,10,10,13
Bang!,AJR,11,11,26
Rockin' Around The Christmas Tree,Brenda Lee,12,2,39
For The Night,Pop Smoke Featuring Lil Baby & DaBaby,13,6,26
Lemonade,Internet Money & Gunna Featuring Don Toliver & NAV,14,6,20
Jingle Bell Rock,Bobby Helms,15,3,36
Kings & Queens,Ava Max,16,13,21
A Holly Jolly Christmas,Burl Ives,17,4,20
Therefore I Am,Billie Eilish,18,2,8
34+35,Ariana Grande,19,8,9
Dakiti,Bad Bunny & Jhay Cortez,20,5,9
Body,Megan Thee Stallion,21,12,6
What You Know Bout Love,Pop Smoke,22,22,17
Willow,Taylor Swift,23,1,3
Better Together,Luke Combs,24,24,13
Lonely,Justin Bieber & benny blanco,25,14,11
Rockstar,DaBaby Featuring Roddy Ricch,26,1,36
Whoopty,CJ,27,27,8
It's The Most Wonderful Time Of The Year,Andy Williams,28,5,21
Run Rudolph Run,Chuck Berry,29,10,9
Before You Go,Lewis Capaldi,30,9,45
Savage Love (Laxed - Siren Beat),Jawsh 685 x Jason Derulo,31,1,27
Afterglow,Ed Sheeran,32,32,2
More Than My Hometown,Morgan Wallen,33,15,27
Whats Poppin,"Jack Harlow Featuring DaBaby, Tory Lanez & Lil Wayne",34,2,46
Starting Over,Chris Stapleton,35,25,18
WAP,Cardi B Featuring Megan Thee Stallion,36,1,21
I Should Probably Go To Bed,Dan + Shay,37,37,21
Good Days,SZA,38,38,1
Feliz Navidad,Jose Feliciano,39,6,15
Pretty Heart,Parker McCollum,40,36,21
"Let It Snow, Let It Snow, Let It Snow",Dean Martin,41,8,14
Happy Anywhere,Blake Shelton Featuring Gwen Stefani,42,36,21
Holiday,Lil Nas X,43,37,7
The Christmas Song (Merry Christmas To You),Nat King Cole,44,11,27
Monster,Shawn Mendes & Justin Bieber,45,8,6
Diamonds,Sam Smith,46,40,15
Watermelon Sugar,Harry Styles,47,1,38
On Me,Lil Baby,48,30,4
Hawai,Maluma & The Weeknd,49,12,19
Underneath The Tree,Kelly Clarkson,50,12,10
You Broke Me First.,Tate McRae,51,50,19
Champagne Night,Lady A,52,52,10
Still Trappin',Lil Durk & King Von,53,53,1
"Big, Big Plans",Chris Lane,54,42,13
Forever After All,Luke Combs,55,2,10
My Ex's Best Friend,Machine Gun Kelly X blackbear,56,28,20
Cry Baby,Megan Thee Stallion Featuring DaBaby,57,57,4
Hole In The Bottle,Kelsea Ballerini,58,58,11
B.S.,Jhene Aiko Featuring H.E.R.,59,24,21
Love You Like I Used To,Russell Dickerson,60,31,17
Good Time,Niko Moon,61,61,13
Backdoor,Lil Durk,62,62,2
7 Summers,Morgan Wallen,63,6,19
Mr. Right Now,21 Savage & Metro Boomin Featuring Drake,64,10,13
Without You,The Kid LAROI,65,63,4
Throat Baby (Go Baby),BRS Kash,66,66,11
Prisoner,Miley Cyrus Featuring Dua Lipa,67,54,6
Tyler Herro,Jack Harlow,68,34,10
You're Mines Still,Yung Bleu Featuring Drake,69,52,4
Hit Different,SZA Featuring Ty Dolla $ign,70,29,16
Redman,Lil Durk,71,71,1
Slay3r,Playboi Carti,72,72,1
Stay Down,"Lil Durk, 6LACK & Young Thug",73,73,2
Adderall (Corvette Corvette),Popp Hunna,74,74,2
Golden,Harry Styles,75,74,10
Beers And Sunshine,Darius Rucker,76,76,3
Back To The Streets,Saweetie Featuring Jhene Aiko,77,76,6
Damage,H.E.R.,78,70,3
Take You Dancing,Jason Derulo,79,79,4
What's Your Country Song,Thomas Rhett,80,80,2
Midnight Sky,Miley Cyrus,81,14,18
Go2DaMoon,Playboi Carti Featuring Kanye West,82,82,1
Ain't Always The Cowboy,Jon Pardi,83,55,17
Put Your Records On,Ritt Momney,84,79,11
Bichota,Karol G,85,85,5
Refugee,Lil Durk,86,86,1
Happy Does,Kenny Chesney,87,85,7
Monsters,All Time Low Featuring Demi Lovato & blackbear,88,88,1
Take Me Home For Christmas,Dan + Shay,89,48,4
Vamp Anthem,Playboi Carti,90,90,1
Down To One,Luke Bryan,91,91,1
New N3on,Playboi Carti,92,92,1
Death Ain't Easy,Lil Durk,93,93,1
Took Her To The O,King Von,94,47,7
Save Your Tears,The Weeknd,95,41,3
So Done,The Kid LAROI,96,59,8
Just The Way,Parmalee x Blanco Brown,97,97,1
Way Out,Jack Harlow Featuring Big Sean,98,74,3
M3tamorphosis,Playboi Carti Featuring Kid Cudi,99,99,1
The Good Ones,Gabby Barrett,100,100,1
